{
  "label_fractions_before": {
    "10": 0.2376725,
    "30": 0.25765375,
    "70": 0.03968875,
    "100": 0.03074125,
    "60": 0.114515,
    "40": 0.042525,
    "80": 0.18291,
    "50": 0.03534,
    "20": 0.0342625,
    "90": 0.00841625,
    "95": 0.016275
  },
  "label_fractions_after": {
    "10": 0.09369173545201578,
    "20": 0.09369173545201578,
    "30": 0.09369173545201578,
    "40": 0.09369173545201578,
    "50": 0.09369173545201578,
    "60": 0.09369173545201578,
    "70": 0.09369173545201578,
    "80": 0.09369173545201578,
    "100": 0.09369173545201578,
    "90": 0.06308264547984223,
    "95": 0.09369173545201578
  },
  "num_components": 75,
  "n_iter": 1000,
  "mean": [
    1255.0324735555077,
    1232.9348467671666,
    1246.1089634883308,
    1271.142289638631,
    1278.3666813450386,
    1278.5225656544835,
    1293.378355335276,
    1305.3182239794628,
    1307.6345741242164,
    1324.1528299588692,
    1330.5600048719702,
    1330.9158367140435,
    1334.6243148791846,
    1348.677269448062,
    1362.5546269663553,
    1358.0636916417602,
    1359.1095912229582,
    1379.411868869047,
    1382.5432059438037,
    1398.4185584589584,
    1429.9139160334666,
    1447.40080387509,
    1460.7674008975669,
    1487.7277880318177,
    1511.578696373193,
    1539.1145943616314,
    1551.7113263938988,
    1562.971320959778,
    1575.4193642078833,
    1588.3742984831308,
    1596.9196031218087,
    1600.1429454807792,
    1555.9262552350258,
    1567.2541294632401,
    1567.9007617138093,
    1577.0990321643728,
    1586.7556800614618,
    1593.2750320894195,
    1593.0051530454498,
    1588.863191327893,
    1620.0104278901558,
    1618.9565645114444,
    1594.9674233835833,
    1603.0343942360844,
    1603.7947869918394,
    1591.3113001602128,
    1589.3201071833453,
    1588.521197755146,
    1588.4623968219764,
    1608.9083601135544,
    1651.264510507528,
    1682.0817366700082,
    1771.73334395173,
    1868.4904387583972,
    1976.534998547778,
    2103.1040353030457,
    2234.5046236871444,
    2307.13634021343,
    2376.401778269139,
    2416.3351821835795,
    2486.953997357893,
    2456.529105337618,
    2504.410013772685,
    2517.0903000946287,
    2527.7331940449535,
    2543.5781716994743,
    2557.9492846636,
    2592.5077623602824,
    2649.878313173995,
    2688.5991680173893,
    2650.7336718728043,
    2646.465863416188,
    2645.7565045487336,
    2650.7873103913503,
    2662.6324098451278,
    2628.0883231990106,
    2636.083779149841,
    2608.164457103239,
    2611.710370738197,
    2682.3969625139366,
    2605.118164016752,
    2575.999747032314,
    2646.411372302849,
    2500.2495104606824,
    2714.2679958400868,
    2640.3545482652976,
    2560.8006427253054,
    2646.127580036165,
    2715.521047848369,
    2646.2138045403017,
    2602.9432134391427,
    2491.2329832385485,
    2416.8083816626536,
    2572.8810677110173,
    2452.437887063982,
    2605.881854721595,
    2439.4542550101655,
    2598.6971976801924,
    2434.436097551835,
    2437.3966814387304,
    2583.4523062220683,
    2598.4013098104615,
    2608.7664546110386,
    2634.082420619677,
    2669.4605417256143,
    2709.017201802629,
    2761.0822707129005,
    2813.207555301547,
    2833.117086561794,
    2844.751248442375,
    2833.897782316622,
    2727.5646145053543,
    2815.099088379414,
    2722.2167651991417,
    2472.999690817273,
    2482.620557840593,
    2469.4315535026653,
    2453.0762369651375,
    2426.82444042611,
    2411.223557849962,
    2430.730505092146,
    2461.305041552285,
    2485.275228842064,
    2514.6435778999935,
    2560.5715383246043,
    2551.170659496126,
    2541.832179363458,
    2514.824562225366,
    2489.4970440257466,
    -29077.042030112523,
    -32768.0,
    -32768.0,
    -32768.0,
    -32768.0,
    -32768.0,
    1387.8426447303084,
    1373.7432190606467,
    1328.7782504005322,
    1362.1381297255768,
    1408.8746591963122,
    1460.2334610663993,
    1498.0213523465095,
    1531.3263845296206,
    1566.9070952751258,
    1599.0256621663402,
    1633.3164250981422,
    1666.203638987005,
    1700.449036380501,
    1736.486260106996,
    1764.0831701535608,
    1783.2643231240572,
    1799.0160962401505,
    1815.0604030618458,
    1810.1796913794235,
    1811.793887551179,
    1801.7007017510984,
    1785.7322383892517,
    1770.8600807622759,
    1751.8424198701432,
    1731.8977448399278,
    1737.002595261072,
    1743.852191918151,
    1729.4854449888976,
    -40.4862882145166,
    583.7305331996664,
    614.3649574171062,
    960.6886342555723,
    1016.641422990078,
    1092.200650220644,
    1008.938838035097,
    927.7269448061986,
    945.4790271050191,
    1084.627416075628,
    1122.7056018288627,
    1138.9661023301135,
    1070.9464458040156,
    1085.2856848397403,
    1078.4879840349283,
    1117.585985590211,
    1101.8381475270066,
    1108.6354173498355,
    1117.3172964312819,
    1131.5844771532702,
    1130.6020256153204,
    1147.7838719046592,
    1148.1656376191056,
    1160.1206281093944,
    1164.4218095621786,
    1173.5445269972736,
    1176.3664752232205,
    1184.9714146515137,
    1185.0888197652084,
    1185.0425360478953,
    1192.3180647035124,
    1207.580054903357,
    1205.3564033616594,
    1200.5829031321148,
    1163.4658821545352,
    1137.5735808044371,
    1096.4541613184301,
    1074.472909034694,
    1044.942960471457,
    1039.1204407259236,
    998.8764674468065,
    981.1107811079985,
    954.2872588608959,
    936.468336878004,
    929.6111230828328,
    930.9520766773163,
    892.9210553437081,
    888.0921364526436,
    886.673128273355,
    914.2847198148652,
    891.3033176243523,
    905.7812953819343,
    877.1826801457844,
    895.0571988044935,
    864.3136330844256,
    870.1083357537032,
    797.0483824121874,
    842.0183635801486,
    796.1058154460195,
    814.5150234697797,
    673.9465113882304
  ],
  "mixing_matrix_shape": [
    224,
    75
  ],
  "components_shape": [
    75,
    224
  ]
}